OA11CD,PKW
E00039627,PKW_11
E00039625,PKW_11
E00040422,PKW_11
E00040419,PKW_11
E00040412,PKW_11
E00172505,PKW_11
E00041054,PKW_11
E00172449,PKW_11
E00040406,PKW_11
E00039678,PKW_11
E00172503,PKW_11
E00172448,PKW_11
E00039675,PKW_11
E00172508,PKW_11
E00172478,PKW_11
E00040445,PKW_11
E00040404,PKW_11
E00172450,PKW_11
E00040408,PKW_11
E00040436,PKW_11
E00040454,PKW_11
E00040438,PKW_11
E00041068,PKW_11
E00039667,PKW_11
E00040455,PKW_11
E00040446,PKW_11
E00040451,PKW_11
E00039628,PKW_11
E00040427,PKW_11
E00040430,PKW_11
E00039635,PKW_11
E00040429,PKW_11
E00040434,PKW_11
E00040416,PKW_11
E00040417,PKW_11
E00040413,PKW_11
E00040420,PKW_11
E00041081,PKW_11
E00040401,PKW_11
E00041034,PKW_11
E00039669,PKW_11
E00172500,PKW_11
E00172507,PKW_11
E00041112,PKW_11
E00040433,PKW_11
E00172504,PKW_11
E00040409,PKW_11
E00040423,PKW_11
E00039672,PKW_11
E00041121,PKW_11
E00040444,PKW_11
E00041080,PKW_11
E00040403,PKW_11
E00041071,PKW_11
E00040428,PKW_11
E00041043,PKW_11
E00040410,PKW_11
E00041099,PKW_11
E00041114,PKW_11
E00040458,PKW_11
E00040435,PKW_11
E00039668,PKW_11
E00040437,PKW_11
E00040418,PKW_11
E00040439,PKW_11
E00039634,PKW_11
E00041082,PKW_11
E00040449,PKW_11
E00172501,PKW_11
E00040415,PKW_11
E00040453,PKW_11
E00040440,PKW_11
E00040399,PKW_11
E00040414,PKW_11
E00041061,PKW_11
E00040421,PKW_11
